USE Sale_of_air_tickets;

INSERT INTO Passengers (Surname, Name, Patronymic, Date_Of_Birth, Gender, Phone_Number, Email) VALUES
('Иванов', 'Иван', 'Иванович', '1985-05-15', 'Мужской', 89001234567, 'ivanov@example.com'),
('Петров', 'Петр', 'Петрович', '1990-08-20', 'Мужской', 89007654321, 'petrov@example.com'),
('Сидорова', 'Анна', 'Сидоровна', '1995-12-30', 'Женский', 89003456789, 'sidorova@example.com'),
('Кузнецов', 'Алексей', 'Алексеевич', '1988-03-10', 'Мужской', 89009876543, 'kuznetsov@example.com'),
('Кузнецова', 'Мария', 'Алексеевна', '2010-06-09', 'Мужской', 89009876543, 'kuznetsov@example.com'),
('Кузнецов', 'Данил', 'Алексеевич', '2009-01-12', 'Мужской', 89009876543, 'kuznetsov@example.com'),
('Смирнова', 'Мария', 'Смирновна', '1992-07-25', 'Женский', 89004567890, 'smirnova@example.com'),
('Попов', 'Дмитрий', 'Дмитриевич', '1980-11-05', 'Мужской', 89001239876, 'popov@example.com'),
('Васильева', 'Елена', 'Васильевна', '1993-09-15', 'Женский', 89007654322, 'vasilieva@example.com'),
('Морозов', 'Сергей', 'Сергеевич', '1987-04-12', 'Мужской', 89003456788, 'morozov@example.com'),
('Федорова', 'Ольга', 'Федоровна', '1991-01-22', 'Женский', 89009876544, 'fedorova@example.com'),
('Соловьев', 'Андрей', 'Андреевич', '1983-06-18', 'Мужской', 89004567891, 'solovyev@example.com');

INSERT INTO Posts (Post_Name) VALUES
("Главный инженер"), 
("Инженер"), 
("Начальник отдела по работе с персоналом"),
("Диспетчер"),
("Бухгалтер"),
("Начальник отдела по пассажирской работе"),
("Заведующий билетными кассами"),
("Заведующий справочным бюро"),
("Кассир"),
("Начальник отдела по багажевым перевозкам");

INSERT INTO Employees (Post_ID, Surname, Name, Patronymic, Date_Of_Birth, Phone_Number, Email) VALUES
(1, 'Дорошев', 'Иван', 'Иванович', '1985-05-15', 89001234567, 'ivanov@example.com'),
(2, 'Лимончук', 'Петр', 'Иванович', '1990-06-20', 89007654321, 'petrov@example.com'),
(3, 'Сидоров', 'Сидор', 'Сидорович', '1988-07-25', 89003456789, 'sidorov@example.com'),
(4, 'Кузнецов', 'Алексей', 'Алексеевич', '1992-08-30', 89009876543, 'kuznetsov@example.com'),
(5, 'Смирнов', 'Дмитрий', 'Дмитриевич', '1980-09-10', 89004567890, 'smirnov@example.com'),
(6, 'Федоров', 'Андрей', 'Андреевич', '1983-10-05', 89001239876, 'fedorov@example.com'),
(7, 'Морозов', 'Сергей', 'Сергеевич', '1995-11-15', 89007654321, 'morozov@example.com'),
(8, 'Васильев', 'Николай', 'Николаевич', '1987-12-20', 89003456712, 'vasiliev@example.com'),
(9, 'Лебедев', 'Олег', 'Олегович', '1991-01-25', 89009876512, 'lebedyev@example.com'),
(9, 'Григорьев', 'Анатолий', 'Анатольевич', '1984-02-28', 89004567812, 'grigoryev@example.com'),
(10, 'Мухамедьяров', 'Вячеслав', 'Редисович', '2006-02-27', 89004567812, 'vycheslav@example.com');


INSERT INTO Airports (Airport_Name, Country, City, Legal_Address, Phone) VALUES
('Адлер', 'Россия', 'Адлер', "354340, Краснодарский край, г. Сочи, тер. Аэропорт", 78003011991),
('Шереметьево', 'Россия', 'Москва', "141400, Московская область, город Химки, территория аэропорта Шереметьево", 88002000122),
('Хитроу', 'Великобритания', 'Лондон', "The Compass Centre, Nelson Road, Hounslow, Middlesex, TW6 2GW", 448443351801),
('Джон Кеннеди', 'США', 'Нью-Йорк', "The Port, Authority of NY & NJ, Building 14, Jamaica, New York 11430, United States", 17182444444),
('Токио Ханеда', 'Япония', 'Токио', "Terminal 1, 3-3-2 Haneda Airport, Ota-ku, Tokyo 144-0041, Japan" , 81357578000),
('Сидней', 'Австралия', 'Сидней', "Locked Bag 5000 Sydney International Terminal NSW 2020", 61296679111),
('Внуково', 'Россия', 'Москва', "119027, г. Москва, ул. 2-я Рейсовая, д. 2, к. 3.", 74959375555),
('Пулково', 'Россия', 'Санкт-Петербург', "196210, г. Санкт-Петербург, вн.тер.г. Муниципальный Округ Пулковский Меридиан, ул Стартовая, д. 17, стр. 1, помещ. 548" , 78123373822),
('Домодедово', 'Россия', 'Москва', "обл. Московская, г.о. Домодедово, к. 9", 74959336666),
('Красноярск', 'Россия', 'Красноярск', "663013, Красноярский край, Емельяновский р-н, пгт Емельяново, тер. Аэропорт Красноярск, стр. 2" ,73912266222);


INSERT INTO Airlines (Airline_Name) VALUES
('Аэрофлот'),
('S7 Airlines'),
('Победа'),
('Utair'),
('Nordwind Airlines');


INSERT INTO Airplanes (Airline_ID, Airplane_Name, Number_of_Seats, Max_take_off_weught, Cruising_Speed, Max_flight_altitube, Max_flight_range) VALUES
(1, 'Boeing 737', 168, 80000, 852, 12500, 5765),
(2, 'Boeing 737', 168, 80000, 852, 12500, 5765),
(1, 'Airbus A320', 168, 77000, 840, 11800, 6150),
(2, 'Airbus A319', 128, 75500, 840, 11800, 6850),
(5, 'Boeing 737', 168, 80000, 852, 12500, 5765),
(4, 'Airbus A319', 128, 75500, 840, 11800, 6850),
(3, 'Airbus A319', 128, 75500, 840, 11800, 6850),
(3, 'Boeing 747-400', 522, 396890, 913, 13100, 13450),
(1, 'Boeing 747-400', 522, 396890, 913, 13100, 13450);

INSERT INTO Flights (Airline_ID, Airplane_ID, Airport_ID, Departure_Airport, Departure_Country, Departure_City, Departure_Date, Departure_Time, Arrival_Airoport, Arrival_Country, Arrival_City, Arrival_Date, Arrival_Time, Flight_Time, Total_Seats, Available_Seats) VALUES
(3, 7, 1, 'Шереметьево', 'Россия', 'Москва', '2023-10-01', '18:50:00', 'Адлер', 'Россия', 'Москва', '2023-10-01', '22:30:00', '03:50:00', 128, 24),
(3, 7, 6, 'Внуково', 'Россия', 'Москва', '2023-10-01', '19:00:00', 'Пулково', 'Россия', 'Санкт-петербург', '2023-10-01', '21:15:00', '01:30:00', 128, 40),
(1, 1, 6, 'Внуково', 'Россия', 'Москва', '2023-10-01', '09:30:00', 'Пулково', 'Россия', 'Санкт-петербург', '2023-10-01', '11:05:00', '01:35:00', 168, 67),
(3, 7, 6, 'Шереметьево', 'Россия', 'Москва', '2023-10-01', '19:00:00', 'Адлер', 'Россия', 'Санкт-петербург', '2023-10-01', '21:15:00', '01:30:00', 128, 40),
(2, 2, 6, 'Внуково', 'Россия', 'Москва', '2023-10-01', '09:50:00', 'Пулково', 'Россия', 'Санкт-петербург', '2023-10-01', '11:30:00', '01:40:00', 128, 40);


